"VGG-Face","Facenet","Facenet512","OpenFace","DeepFace","DeepID","Dlib","ArcFace","SFace",1.2212453270876722e-15,-2.220446049250313e-16,0.0,-2.220446049250313e-16,0.0,1.1102230246251565e-16,-2.220446049250313e-16,0.0,2.220446049250313e-16
0.0605910591463209,0.03676134705106093,0.024223048156685745,0.06929542536891686,0.09119814432873385,0.00019326940137764925,0.005703108247223421,0.03496008276189866,0.021311067304358833
0.1277189087352566,0.05444544678690599,0.03187915250496831,0.12350920998470272,0.1647803233948273,0.003294406279202855,0.008975196755837023,0.054580854365797404,0.03606674609045035
0.12612056846708763,0.062425306513683054,0.032425065952495946,0.11518240215510478,0.1632234429508892,0.0030189687983803726,0.008484834274772313,0.056689267231912255,0.07488742769886547
5.551115123125783e-16,-2.220446049250313e-16,2.220446049250313e-16,1.1102230246251565e-16,0.0,0.0,0.0,-2.220446049250313e-16,0.0
0.018413097087959573,0.02899322042860608,0.02272748818695991,0.04138953779082466,0.0813356742790915,8.476784542255089e-05,0.004380713636080946,0.026903383624806487,0.014551201562074234
0.08774896266602883,0.09401089211529323,0.05031223980873789,0.17741733579751984,0.27082262564699433,0.0008133811006401093,0.010249722757035729,0.07395597368010798,0.06189297297169738
0.09596735901854248,0.0965256186067186,0.057401827079361034,0.20208992085014654,0.27304227132686754,0.0007538461105297545,0.010377196042484438,0.06963030078257892,0.06169321132446959
7.771561172376096e-16,-2.220446049250313e-16,0.0,0.0,3.3306690738754696e-16,0.0,2.220446049250313e-16,2.220446049250313e-16,0.0
0.03813253952593321,0.03998434967786846,0.040701064575157875,0.06773831250089335,0.10198432604621732,0.00025409531753017855,0.006973841172101758,0.07748649099137561,0.038105287944195876
0.10670368330877211,0.10016132022739832,0.1079258711032185,0.14603613477096422,0.19333031981082804,0.00033497975075469366,0.012860096435916901,0.16336259133246944,0.11023366403142265
0.1407730063573659,0.13497064335081932,0.12494884784812765,0.12287483749792227,0.20591203207959952,0.0003858345200291602,0.014641033654258395,0.1816042754485211,0.08100120872723438
0.0,-2.220446049250313e-16,-2.220446049250313e-16,0.0,0.0,-2.220446049250313e-16,-2.220446049250313e-16,2.220446049250313e-16,2.220446049250313e-16
0.01998019838362275,0.018999071499526066,0.02184128353297765,0.07740318315615546,0.0763495079416936,0.00020464266906028428,0.005805796040536215,0.021694636776326437,0.01453639882179214
0.05151366172013183,0.13588882574533045,0.051203457540429764,0.08723360297807925,0.1930762509008025,0.0003219321888919824,0.01416453676976337,0.06940372300017306,0.04051740631122869
0.05130889273945527,0.13645296765857384,0.051441862418979745,0.08693448218010891,0.19069732253024552,0.0003124263094772539,0.014286291041810117,0.06855004765852901,0.04089310424584247
6.661338147750939e-16,-2.220446049250313e-16,0.0,0.0,2.220446049250313e-16,-2.220446049250313e-16,0.0,-2.220446049250313e-16,-2.220446049250313e-16
0.03014553790492014,0.08407059318994947,0.040538964899191066,0.08374075564223149,0.18365421219183176,0.001441366024684143,0.016994820194412452,0.07006787671647308,0.05511241041934711
0.09331658760565165,0.11129710400632908,0.10579596626880328,0.06649447024161337,0.22114963334714932,0.0010366220752997535,0.02543904364524152,0.11599760410163817,0.07182390885463841
6.661338147750939e-16,0.0,-2.220446049250313e-16,1.1102230246251565e-16,2.220446049250313e-16,-2.220446049250313e-16,-2.220446049250313e-16,0.0,2.220446049250313e-16
0.05791651087870453,0.012049642255383852,0.009392837180862812,0.009030661353197189,0.04167990475651906,0.06545367999641993,0.003172358020361088,0.0181695710525287,0.010573163449367318
0.108833991783017,0.034635226614638914,0.04428835228611139,0.017426639004867406,0.09347935216674919,0.07181463391128873,0.006999382294688217,0.057625924252894256,0.028670313268561176
0.1271324712188001,0.04485676590147469,0.05588022093806855,0.01641013650978629,0.10201737659644472,0.06963523902799806,0.007539641787639106,0.05587294900670292,0.04124945165956906
9.992007221626409e-16,2.220446049250313e-16,0.0,0.0,0.0,1.1102230246251565e-16,0.0,0.0,0.0
0.011781465676195091,0.023326585464354288,0.034264372158780754,0.053513976029944454,0.04539001453818492,0.00038899817574589157,0.0031238180887862566,0.020038281039354122,0.01642469146521175
0.03879844519404885,0.055206843650179915,0.039671601781211985,0.14519834336530502,0.11802787710550422,0.0007538002088021134,0.007294488930032261,0.07172481790050367,0.03365412713914395
0.04146740992981779,0.07701146418117943,0.037500988392623724,0.10607728915838854,0.11673437527022168,0.0008881159899286617,0.008446614130170227,0.0745783584797155,0.055216650570056425
2.220446049250313e-16,0.0,0.0,0.0,0.0,1.1102230246251565e-16,-4.440892098500626e-16,1.1102230246251565e-16,-2.220446049250313e-16
0.04818350819626738,0.019751122304532354,0.01882790809220536,0.021865937279637704,0.04796234251871101,9.919764255650332e-05,0.004797572253964377,0.03540227994130263,0.016170316073717106
0.11817692636467403,0.06051373767770685,0.06866257516083663,0.07244427566190881,0.17081171907362092,0.0004997992943308605,0.017768102698504262,0.0934179003055613,0.07774617849431986
0.14773348465897373,0.08905632882922676,0.07444344348591103,0.14757641105106356,0.171938859840564,0.0002737590571832982,0.017274535288949622,0.10326264237936211,0.07012963293301921
3.3306690738754696e-16,-2.220446049250313e-16,-2.220446049250313e-16,-2.220446049250313e-16,2.220446049250313e-16,0.0,2.220446049250313e-16,3.3306690738754696e-16,0.0
0.014435827923219846,0.017158630634975358,0.013500446740223881,0.06635676846616378,0.07402768988427688,0.00024645051405469687,0.004555838180296923,0.03142982668354921,0.014007888786823575
0.037805894797945605,0.04756429091731107,0.019344472063885676,0.14397601409977412,0.15840440583881488,0.00040872680202941325,0.007064959053095454,0.07696809821229067,0.029207478984553226
0.040387259509007234,0.04728255318123609,0.027633145488235145,0.14353612448427822,0.16562300054890722,0.00034915650921063524,0.006471866103709756,0.07621867304143504,0.03022685620193899
7.771561172376096e-16,0.0,0.0,0.0,1.1102230246251565e-16,2.220446049250313e-16,2.220446049250313e-16,0.0,0.0
0.0166211271997736,0.03192978229538801,0.022055041001358022,0.020394443077659474,0.049076453214505156,0.003548000083563818,0.012164918861326646,0.01997013896245603,0.02095133536792093
0.050818980701773264,0.05160319574530614,0.04588363717665633,0.04015060649994073,0.12284514031038729,0.006282868833423438,0.013506044062945866,0.07948177664023237,0.0510939799094845
0.05602899988667731,0.05146148745953949,0.045479400453590446,0.03558959541757045,0.11420338490774995,0.00601437645680003,0.013003314451219272,0.08085221888690641,0.037062987110750845
5.551115123125783e-16,-4.440892098500626e-16,-2.220446049250313e-16,0.0,0.0,-2.220446049250313e-16,-2.220446049250313e-16,-4.440892098500626e-16,-2.220446049250313e-16
0.05233049029067516,0.02308401145136829,0.02816472725968322,0.08370603983480329,0.15660529524078337,0.00022703327377637805,0.006254279004905827,0.033153150057319336,0.04660224666276902
0.06569400576439366,0.04285106478780831,0.03877537066913217,0.10497054535121442,0.24417870670123232,0.00025880321364712966,0.010622265096934758,0.07678335506025247,0.05278745766900461
0.06683499060970066,0.042171139366228516,0.037683400443624615,0.10734281056452255,0.24313441330570007,0.00025762180585564565,0.010636114747606396,0.07788872075729747,0.05261133289661146
2.220446049250313e-16,0.0,0.0,-2.220446049250313e-16,0.0,0.0,-2.220446049250313e-16,3.3306690738754696e-16,2.220446049250313e-16
0.038399977358339,0.02111173720629611,0.024320717875435216,0.02635775305864363,0.054557296270348665,0.0006779386875905846,0.006755356891314235,0.024491663963033483,0.013409622610757066
0.08552552893254273,0.053649100311789044,0.03895088659755386,0.05194592414156729,0.11312755002496022,0.0007879802341049791,0.010564703964918154,0.04935031164283188,0.030967442629396547
0.10623835031442797,0.06205849940680963,0.04063611604921902,0.06678081576485106,0.11556014182857022,0.0007892505513167336,0.009565441632646832,0.05122692056550593,0.0327925617982906
5.551115123125783e-16,0.0,0.0,0.0,1.1102230246251565e-16,-2.220446049250313e-16,0.0,1.1102230246251565e-16,0.0
0.039450383547721235,0.041152272258842326,0.03961301333129719,0.05882694317595982,0.06570270737328854,0.00029760436133774437,0.009814144697640859,0.04419719019317703,0.0190239667896398
0.10524970982574122,0.15062039674780747,0.07288255426046064,0.10838662465096915,0.14537900158486172,0.00037793092578830567,0.0222286188474472,0.14172077772202263,0.047186285417878504
0.11942021326186836,0.13789899718695953,0.08384256857846617,0.12800634955845702,0.14791407916937893,0.0003732179481356068,0.02204931361451179,0.14042796856302187,0.05178536861104133
3.3306690738754696e-16,0.0,-2.220446049250313e-16,-2.220446049250313e-16,3.3306690738754696e-16,2.220446049250313e-16,0.0,0.0,0.0
0.02325358584701953,0.03570114021604853,0.03161868656180389,0.06622800529696937,0.04602972027595753,0.000969221346756366,0.00625721892781772,0.062326043604722825,0.0274672414205136
0.04442409515319534,0.051930108976548706,0.05311939563720858,0.09394522386555337,0.09292449889875753,0.001517829519942726,0.007731839550432551,0.1016474705983228,0.055950407946551484
0.07894818102714019,0.06077603072515225,0.05576908734592101,0.11552312377213714,0.09685123443753374,0.0009767903220688767,0.008675623582453551,0.08566607602295306,0.05570922388823396
0.0,0.0,2.220446049250313e-16,0.0,3.3306690738754696e-16,-2.220446049250313e-16,2.220446049250313e-16,-2.220446049250313e-16,-2.220446049250313e-16
0.0196384399366899,0.025971631820313257,0.01255364150441507,0.02290451936722837,0.022663001840657615,0.002160780960289932,0.003324945367828236,0.037381071913997754,0.02156844593308782
0.04144169425985644,0.03649707810418246,0.038805535508542044,0.06949468412187776,0.06491254115706735,0.003632043681524477,0.0074691791601033675,0.056242659080420476,0.05930018324032149
0.05053401173351135,0.04412894883909857,0.04146072603048112,0.04306979061755356,0.06752411533749836,0.0033395679331384986,0.007794136153762676,0.058436638036756805,0.07713027883499957
7.771561172376096e-16,0.0,0.0,-2.220446049250313e-16,1.1102230246251565e-16,1.1102230246251565e-16,0.0,-2.220446049250313e-16,-2.220446049250313e-16
0.023657386342597286,0.05467713540630914,0.05060029266717647,0.03527510574814319,0.04956988469429213,0.00011285639169333894,0.006923231467010793,0.03938663359176908,0.019383128400959126
0.045540073804780534,0.13796164945184164,0.11196198326296303,0.035494941731547325,0.08889538211167969,0.0004543678255075623,0.015263916049069515,0.08488510830634921,0.05136413290807884
0.06638567119161287,0.14338777581649553,0.11145300329714636,0.04544690467228085,0.08908072801691747,0.0004586757177387213,0.015320173282118876,0.09546448724209644,0.05529535588580381
2.220446049250313e-16,-2.220446049250313e-16,0.0,2.220446049250313e-16,0.0,0.0,2.220446049250313e-16,1.1102230246251565e-16,1.1102230246251565e-16
0.0568837146390182,0.10689570456809205,0.12339587619334957,0.053805012846096956,0.10080768132230156,0.0019513163617081997,0.01211389492064463,0.06984211117663142,0.056095676618842516
0.0832997346405977,0.1085587762109872,0.11265044883171271,0.06081944939727246,0.13399592239849223,0.010608918275328616,0.014628155714324409,0.10365280718424097,0.06809608808049306
0.10162742469921549,0.11957610070042457,0.11635563391394366,0.0648367215272152,0.13700294126468937,0.009886376113591222,0.016412815225474997,0.1089651301568555,0.06930913552145468
3.3306690738754696e-16,0.0,-2.220446049250313e-16,0.0,2.220446049250313e-16,2.220446049250313e-16,1.1102230246251565e-16,2.220446049250313e-16,-2.220446049250313e-16
0.01991949475517618,0.031004850428612785,0.021345855626379473,0.1626499233736629,0.12298926121062881,0.0009290605819157749,0.007047512211087237,0.0505055376810688,0.014500172666446098
0.06280354149853051,0.08620823570169645,0.04477830081012679,0.3464260390595154,0.25295870138954224,0.0022039523875114764,0.012302007794567027,0.11085523969159128,0.021783321730242444
0.06778806003043791,0.08455605112375753,0.04284417532737461,0.2522917677312275,0.25717948712414074,0.002130715834683272,0.013015713093204595,0.11148465385705753,0.023689521288264626
7.771561172376096e-16,-2.220446049250313e-16,2.220446049250313e-16,-2.220446049250313e-16,3.3306690738754696e-16,1.1102230246251565e-16,0.0,2.220446049250313e-16,-2.220446049250313e-16
0.021743975476502753,0.035083012249123025,0.023016396946146322,0.03021772578508941,0.0459573775012414,0.01484314351838767,0.002477337529664392,0.015607171805618103,0.010420291021047023
0.1103919741368693,0.09934992779003227,0.05905388988713256,0.13457383440242998,0.18090787679314502,0.015527831488159394,0.007592143063112733,0.055185743546676824,0.04056483708278347
0.10114276764148611,0.0842996437836413,0.07516920208274247,0.10289106289382277,0.1973640618592456,0.017249047946119367,0.007898385852336265,0.05412894788448308,0.06941657506842536
6.661338147750939e-16,-2.220446049250313e-16,0.0,0.0,1.1102230246251565e-16,0.0,0.0,0.0,-4.440892098500626e-16
0.04292454184786687,0.028037321542948246,0.05415162188436551,0.034127647418467966,0.18480732395745192,0.01622890759624418,0.006820636432804061,0.07558804065198488,0.07782896028401542
0.10854702411354222,0.05149737183901559,0.05422570554804074,0.023557314384059946,0.22264046189966014,0.02132034585089282,0.0107219345747942,0.12561185527833363,0.13341390621059168
0.11211078328706214,0.05296978850100886,0.053726797493775846,0.0345581604909152,0.22005352504000153,0.020262435812020696,0.009127464718811096,0.10495511637268795,0.10975697299269327
7.771561172376096e-16,2.220446049250313e-16,0.0,0.0,-2.220446049250313e-16,1.1102230246251565e-16,0.0,-2.220446049250313e-16,0.0
0.023649483202652144,0.01693933595085062,0.016083369149002436,0.04461135919046921,0.07289093610517983,0.00017475170870806522,0.0057015046857368246,0.03543936930558833,0.02140815181398248
0.04726951118284728,0.03930268659920766,0.02307387431286445,0.07903150133825132,0.14771371051549198,0.0002226045069837479,0.010118532505134503,0.07972072440064426,0.03873815183659701
0.0732263616579737,0.05489764834581201,0.03354196519238528,0.09689878503735394,0.1587916654690641,0.000400659707662232,0.011217425275791393,0.08767923851085757,0.05156161096316225
4.440892098500626e-16,1.1102230246251565e-16,2.220446049250313e-16,0.0,2.220446049250313e-16,0.0,0.0,2.220446049250313e-16,0.0
0.07581660828541414,0.05074479167956103,0.061542526074250814,0.03122813278869363,0.06790901467881194,0.010269755219095011,0.007323144586337649,0.032527264760682684,0.032477122124116464
0.1886894149442243,0.21569138523321463,0.11557704220399811,0.05311298695798261,0.17525229963122047,0.022136876895478164,0.009580860831854499,0.11173966341210884,0.08576034930658838
0.192536144238745,0.14336367496546976,0.10751268295613903,0.07149879146643057,0.16708530974522595,0.0245270594111745,0.010747566389664787,0.1053246446792957,0.09787564424964479
5.551115123125783e-16,2.220446049250313e-16,1.1102230246251565e-16,-2.220446049250313e-16,1.1102230246251565e-16,1.1102230246251565e-16,0.0,2.220446049250313e-16,-4.440892098500626e-16
0.05339541864298081,0.04252262528466333,0.02353335223850639,0.015627427760698254,0.07213475904896205,0.0009457933547566411,0.009217568244202945,0.024001920072581617,0.028339076882617165
0.12359296666039443,0.08085772936069047,0.049423514635722476,0.02702758377672798,0.10171489574674653,0.0009374439765540421,0.013848946431564202,0.04828203207256365,0.04253839978359841
0.12110955370685661,0.07610105590485361,0.04424290058621638,0.033533690950573236,0.11309921540223167,0.0008701955824303997,0.014759063552433838,0.05275500191500537,0.04217904233590153
5.551115123125783e-16,-2.220446049250313e-16,1.1102230246251565e-16,-4.440892098500626e-16,-2.220446049250313e-16,-2.220446049250313e-16,0.0,2.220446049250313e-16,-2.220446049250313e-16
0.013954872372608174,0.009988726473755816,0.006385583237117021,0.02532174451261382,0.04704190006275755,0.00023080372627704016,0.0028031952876389488,0.01703638818615294,0.023173593219285582
0.02548364565015404,0.033414576877682234,0.026695235765188396,0.06879430182421331,0.10439930813061615,0.00040357517079570027,0.009145774789240946,0.0760471909827346,0.055466765635935555
0.0364248399017717,0.05528469649054979,0.04362802536248134,0.07262163457351523,0.11295688008980931,0.0005734549371047004,0.009765172318732418,0.07610481293071336,0.08613974466293772
1.1102230246251565e-16,2.220446049250313e-16,-2.220446049250313e-16,1.1102230246251565e-16,1.1102230246251565e-16,1.1102230246251565e-16,-2.220446049250313e-16,2.220446049250313e-16,1.1102230246251565e-16
0.02858338101072544,0.017720581641532673,0.013858892810138412,0.01992130505444767,0.039195299647350246,0.0008480906153071066,0.005504756684580947,0.02447647560376942,0.01854323339026287
0.10839407078703989,0.08443847067914745,0.037076045292211646,0.04466969748366356,0.14585949744539506,0.0010129895805996991,0.020543309155327205,0.12064071675454602,0.030409668793625277
0.11027904180025572,0.07144575658323105,0.03388209188780533,0.04657800894204178,0.13957809791902454,0.0008946008467105582,0.01836040978885578,0.12025039192850195,0.031480422483467385
5.551115123125783e-16,0.0,-2.220446049250313e-16,0.0,1.1102230246251565e-16,2.220446049250313e-16,0.0,-2.220446049250313e-16,1.1102230246251565e-16
0.03890851861367961,0.018540515990037587,0.007203648383422245,0.020892934359979187,0.09366525907281953,0.0005115129501280791,0.007399685600861572,0.008984410241234198,0.03558299792194308
0.06297969973771345,0.03370603770428593,0.018830523076519445,0.027277158111061905,0.11862256746068567,0.0009111966949700845,0.010484785314349154,0.019288752271156673,0.04552840031358163
0.07441979578125535,0.03910941384450306,0.02014334499712378,0.04747957988958218,0.11443268224687853,0.001220252633124641,0.011660500050319267,0.023227576929122917,0.04542051349488774
8.881784197001252e-16,0.0,1.1102230246251565e-16,0.0,1.1102230246251565e-16,-2.220446049250313e-16,2.220446049250313e-16,4.440892098500626e-16,0.0
0.030103558162693944,0.014907536751057826,0.03417262775616714,0.052059685478814455,0.08046680958268704,0.000291682717389663,0.008357788333162364,0.0278820825938334,0.0168925498776078
0.052577771980381716,0.06268733416214944,0.08213032890487715,0.09089215275098872,0.1676686270838158,0.0004778911607595804,0.019203732369133086,0.11592614485322505,0.04574340060437754
0.08545454970111999,0.0793064526088102,0.08904669573034096,0.15772720180567734,0.16824647672047166,0.00047517907595417963,0.020505131804198662,0.11688411817617173,0.04832540566419197
7.771561172376096e-16,0.0,-2.220446049250313e-16,1.1102230246251565e-16,0.0,-2.220446049250313e-16,2.220446049250313e-16,1.1102230246251565e-16,0.0
0.02469412741943966,0.009567336527180559,0.017145607622415238,0.07692663331342509,0.041091823061791044,0.0008243533957583704,0.0033186812611438743,0.022028834534192798,0.007580683886962203
0.06881083949790467,0.023252311712026796,0.05366309973273575,0.15918027680594438,0.1089036170081934,0.0009883602409224146,0.012065925540072131,0.09769546808607132,0.02774590307973024
0.12314125726346803,0.026431150606891496,0.06621254897043982,0.18913684807712694,0.11660608772266035,0.0007152422633569522,0.011694762978480489,0.11078060380698551,0.0810668616651602
6.661338147750939e-16,1.1102230246251565e-16,0.0,-2.220446049250313e-16,0.0,0.0,2.220446049250313e-16,0.0,-2.220446049250313e-16
0.04944488984657336,0.07478619973978795,0.036704559952482674,0.03571463941788955,0.10342060528237129,0.006547560207486924,0.008456634585979894,0.07279052656811513,0.07527815516116365
0.11236434786497607,0.13108751438223432,0.07109282278931439,0.06429627602981236,0.13557217918472586,0.016610456345587332,0.009919093447929295,0.1526286719888622,0.16521763344503337
0.12245147820541269,0.06491776492015844,0.038998763983745244,0.05029987585780704,0.12313689328294752,0.012880698971026283,0.009410178924091461,0.16648753002110717,0.1200545635052982
6.661338147750939e-16,2.220446049250313e-16,0.0,0.0,4.440892098500626e-16,0.0,0.0,4.440892098500626e-16,0.0
0.037522755482260695,0.02189517726959178,0.046824709583534685,0.10719208710411665,0.09995603930865193,0.0004187054034469062,0.010328569939980103,0.06623547310615951,0.033298923868431696
0.07376016662257101,0.061146681936693925,0.057635235521770634,0.2762867084207551,0.15340066837247357,0.0009478743504959253,0.01878180900752846,0.16528716963480627,0.059812179949550126
0.10395942712336426,0.05968260969047923,0.08362398557095019,0.33776759806592616,0.1361407563122955,0.0004111279493205222,0.019332263213348244,0.141820838906641,0.05224534239215528
6.661338147750939e-16,0.0,1.1102230246251565e-16,-2.220446049250313e-16,2.220446049250313e-16,-2.220446049250313e-16,0.0,0.0,1.1102230246251565e-16
0.024115371996298096,0.023088353501673264,0.0276219831957919,0.09219200883921641,0.06754628065767287,0.0002447253166474317,0.0049653682333202775,0.041233595452146776,0.04742419160203348
0.053310528441552374,0.05808408674370946,0.057387990850966575,0.10936076671943495,0.10243325249353086,0.0003171720026439173,0.01212555844450025,0.07879519108614041,0.04094464777247897
0.050915885771734115,0.057993708616148276,0.05457584137317184,0.10145963679156311,0.10247414511529451,0.00032621297687718265,0.01277820298405341,0.0782445223223448,0.039308878548480974
2.220446049250313e-16,0.0,2.220446049250313e-16,0.0,3.3306690738754696e-16,-2.220446049250313e-16,-2.220446049250313e-16,0.0,0.0
0.031139589183853733,0.024049440933669786,0.03236961457584886,0.03948249369226653,0.06929087787451316,0.00039537451775317756,0.010007272062666606,0.060265034786780136,0.022396049299272414
0.07044959281840246,0.08140570934448865,0.04719912345832933,0.042870244951742964,0.14019859354938946,0.0003419488460781883,0.01461850444499846,0.10543405024551011,0.053128505185549346
0.09225391052972498,0.0854168527978727,0.05633865272423633,0.06999041524774441,0.15433192169472454,0.00032063251453340325,0.01565552596766806,0.09550036845170795,0.05554924624019664
7.771561172376096e-16,-2.220446049250313e-16,2.220446049250313e-16,0.0,1.1102230246251565e-16,0.0,0.0,2.220446049250313e-16,0.0
0.0572813342013746,0.05403549251662798,0.037789036675278775,0.024321248162531006,0.06231300336726486,0.0009025108734064258,0.008682315744223401,0.04567901907052463,0.036582613739416736
0.08243013887340511,0.07892867386067959,0.037227634274626165,0.05170361481469998,0.07789017257003472,0.0011634001095949253,0.009278694104546958,0.07355575557113592,0.03723437810724661
0.10973077888497473,0.08181288806354392,0.03810395523739152,0.0512669984267603,0.07706100162023777,0.0011733965067155516,0.009381876413464996,0.07246160666582957,0.04182274746542869
3.3306690738754696e-16,0.0,0.0,-2.220446049250313e-16,5.551115123125783e-16,-2.220446049250313e-16,-2.220446049250313e-16,0.0,1.1102230246251565e-16
0.04900683428611674,0.019804778635622244,0.027295810394449393,0.12203645023379517,0.10439363600676366,0.00039286774803237723,0.00712700727855875,0.0512251958951353,0.01691158374465762
0.09796538422437351,0.0643229209410251,0.05456191805742305,0.19717503260177838,0.20478045093787667,0.000705609591890699,0.016548819977987295,0.07016248854678142,0.03346230616328005
0.0916249965115159,0.06664189451166813,0.055010661523334003,0.2017439831642137,0.20174281323958887,0.0006876662581829507,0.01647216723118039,0.07156347392280182,0.03296965463259505
1.1102230246251565e-16,2.220446049250313e-16,0.0,-2.220446049250313e-16,1.1102230246251565e-16,0.0,2.220446049250313e-16,2.220446049250313e-16,0.0
0.030189066295689182,0.0478747750511177,0.08277582785601634,0.027307052518402042,0.10041354794857427,0.004735028891972304,0.007713992887949828,0.059566593944441415,0.08586941428749151
0.03901381457342079,0.06713614195025075,0.05985351175399356,0.04080468867118059,0.134365155647455,0.0024354709523982665,0.00559276256916208,0.05069672597027064,0.0526703020327115
0.04177824968999655,0.07025591900590356,0.04468340319158126,0.03023548215194971,0.1168313983295608,0.003658079377966028,0.005127643735636789,0.05792658954089236,0.04743603938589824
8.881784197001252e-16,0.0,0.0,-2.220446049250313e-16,2.220446049250313e-16,2.220446049250313e-16,1.1102230246251565e-16,-2.220446049250313e-16,-4.440892098500626e-16
0.034307507888083344,0.02164237470231989,0.017981476734899915,0.02095104660569569,0.15234348051583713,0.0005836380787084261,0.007784260131884491,0.035771376939644495,0.021182619880847464
0.05241726325117413,0.027477669629519585,0.022274625665307024,0.043511461621155045,0.23780033716186144,0.004769746993678048,0.013366833388690269,0.06327532517013157,0.025880739461282665
0.06076549120924224,0.03579984063680064,0.03339144546612993,0.08398930344487365,0.2243371760239642,0.00503204770562149,0.01261723255351066,0.06579542453778153,0.028063911926372143
3.3306690738754696e-16,2.220446049250313e-16,0.0,2.220446049250313e-16,3.3306690738754696e-16,0.0,-2.220446049250313e-16,1.1102230246251565e-16,-2.220446049250313e-16
6.661338147750939e-16,0.0,0.0,0.0,-2.220446049250313e-16,0.0,-2.220446049250313e-16,-2.220446049250313e-16,2.220446049250313e-16
0.011784445625983242,0.019219259948494827,0.011421470169367454,0.029683229732337835,0.03395513613650436,0.001008939625442351,0.003946697780193076,0.02668197395541183,0.024171211644140378
0.04216040343653682,0.0571858660783483,0.03585030404375278,0.04071720625658193,0.1004031916829341,0.0013774824694271492,0.012573912911394647,0.11448990254632985,0.05868932832937357
0.048733119050425766,0.05997333436387664,0.04439138636096429,0.03883536016887401,0.1033090580669126,0.0016266790673755693,0.013611192380316828,0.11405090765299464,0.0663275170314297
8.881784197001252e-16,-4.440892098500626e-16,1.1102230246251565e-16,2.220446049250313e-16,0.0,1.1102230246251565e-16,-2.220446049250313e-16,0.0,0.0
0.012255105577635761,0.027209371640961044,0.042577797246941884,0.03608680894691607,0.028278381610886028,8.753821021767472e-05,0.006730126340702691,0.037250294893173996,0.012177417248388278
0.031822556475984864,0.08004930194654603,0.09540843412229794,0.05890493129930885,0.08395077466781387,0.0002957429425620717,0.010795032270246474,0.11992343716532639,0.05915412749432658
0.10264585724931274,0.09481554572032047,0.09175145371604132,0.06445267799793464,0.08768050431929653,0.0003659060295854166,0.012818113692288247,0.13126315762569452,0.059144118416040836
5.551115123125783e-16,0.0,2.220446049250313e-16,0.0,2.220446049250313e-16,0.0,0.0,2.220446049250313e-16,1.1102230246251565e-16
0.02977427691728818,0.016985032246465415,0.020422583198591693,0.11079862905228799,0.09077609357132155,0.0006573402006414542,0.0076761078704675745,0.01981453439030023,0.025476436378171985
0.07047360399791214,0.03933128652380946,0.03652033791676723,0.13334807293093232,0.1461173405883276,0.0011972630852374877,0.011562874215809593,0.053185977360043823,0.03210161704990422
0.09454928826499442,0.04667709776673423,0.05187160196288487,0.21434947632775758,0.14759020297933778,0.0012684188715442746,0.012520371650018625,0.05649858944408781,0.03631295989050931
1.1102230246251565e-15,0.0,0.0,0.0,0.0,-2.220446049250313e-16,-2.220446049250313e-16,2.220446049250313e-16,1.1102230246251565e-16
0.025523920553423007,0.042042281399593096,0.033682433662760136,0.019278856337727968,0.0437904126851395,0.0013721030114454136,0.005238319086682597,0.031434942321350245,0.02921958069934205
0.06247247552840174,0.06513983738443097,0.05566193631840255,0.05047298825969171,0.13056276460586091,0.0016213062127117261,0.009195398406995459,0.08105965526700587,0.05701229195365787
0.05793307252052271,0.05766165100827314,0.05107604156933565,0.048235593118661435,0.12349137719776826,0.0018884828915824992,0.007995633870583552,0.08751690838464599,0.05102673829885407
8.881784197001252e-16,-2.220446049250313e-16,0.0,0.0,3.3306690738754696e-16,0.0,2.220446049250313e-16,0.0,1.1102230246251565e-16
0.038611798466609226,0.027095945461772297,0.03848823040343652,0.07547860394277106,0.066000383816608,0.0016459991659035778,0.007876743855536827,0.05151795414679383,0.02911251802343151
0.06010514530629807,0.08811207974740154,0.07604366619942349,0.10474338718760623,0.13175937958120465,0.006654553772178051,0.011232854607504894,0.06116565685824904,0.04351303732437273
0.08379468910617749,0.08452641946167427,0.07509483898597835,0.12966655026797258,0.1509996143708292,0.005343460463370531,0.010641302576941403,0.0718252254202355,0.06044559811936301
9.992007221626409e-16,-2.220446049250313e-16,0.0,2.220446049250313e-16,1.1102230246251565e-16,0.0,0.0,3.3306690738754696e-16,-2.220446049250313e-16
0.02909349430194985,0.0709038561999995,0.03714116261054168,0.07399093880388241,0.14015414379213575,0.00013354643064700245,0.0039046203588127826,0.028959211873531898,0.024004570744425968
0.05277518372635537,0.09592723280744475,0.06563951033647542,0.09769156967614756,0.24460510570650107,0.0005907657291006618,0.00678614452664017,0.06761624632586416,0.07274539055291329
0.05300847112412388,0.08711296590344231,0.05969765177284736,0.09845047401129225,0.23643323065129096,0.00042886943006903433,0.006787470130732665,0.06348921138071151,0.06761294515982663
3.3306690738754696e-16,0.0,0.0,0.0,1.1102230246251565e-16,0.0,0.0,-2.220446049250313e-16,2.220446049250313e-16
0.03912897632703005,0.02571654366128595,0.03837495457417017,0.02284625279606045,0.07396870993910298,0.0005095988640525517,0.005165714424983037,0.0305083173345162,0.019813284777280837
0.06461991033511061,0.040107810478111294,0.05557680703732304,0.06117512082646792,0.10883355849554033,0.0004708769275753033,0.010691831281579134,0.060357031683767604,0.02736767776958282
0.061355748606738536,0.04423992063965809,0.0571884571756025,0.06537791603220999,0.10977962398939523,0.0005337155556751627,0.010758018552027404,0.07133310553050054,0.02975421177938109
4.440892098500626e-16,0.0,2.220446049250313e-16,0.0,0.0,-2.220446049250313e-16,2.220446049250313e-16,1.1102230246251565e-16,0.0
0.018188080100069337,0.014088222831276198,0.02260810014028214,0.10976175419079914,0.12382089260893392,9.297514483908031e-05,0.004812550142581418,0.03836468900133605,0.010466582751608056
0.06005433988053188,0.07541565669567674,0.07026626309855832,0.09585287894215966,0.24877692002737295,0.00030456793382693803,0.008655738641062394,0.1330201584567685,0.02222429470281373
0.05669804505871201,0.0634085777505945,0.07528961906680387,0.08664565507928346,0.25084734046087376,0.0004824789446610245,0.010874942710645485,0.1108478934604199,0.030955600659834492
5.551115123125783e-16,0.0,2.220446049250313e-16,0.0,3.3306690738754696e-16,-2.220446049250313e-16,0.0,1.1102230246251565e-16,0.0
0.01994124900950578,0.04908915536688008,0.023475454072962143,0.0994769312991477,0.03869636708899793,0.0008062917412801074,0.008399354763259592,0.0407605903611965,0.0321658899439492
0.03626162799827759,0.09643910540281264,0.03571438791455983,0.11662771063674227,0.08957482462864608,0.0005511183565558575,0.009396975697518739,0.11751925170975486,0.03561052870426884
0.05017060954768582,0.10031711079910244,0.05163315234696497,0.09698819995786767,0.09457773562816518,0.0008812887800709879,0.009757032205430782,0.12974458814125156,0.0421670416637433
4.440892098500626e-16,-2.220446049250313e-16,-2.220446049250313e-16,-4.440892098500626e-16,6.661338147750939e-16,0.0,0.0,2.220446049250313e-16,0.0
0.11002351262396703,0.13423585828024553,0.06417677718786041,0.2690554066697687,0.21962058856456235,0.015997496736978256,0.02845999863201598,0.10572035048843631,0.32416464638126363
0.07168617782677345,0.06376824176039009,0.019517208923428786,0.11526004154946623,0.16196066536311138,0.009035795826938364,0.009396694839588826,0.048960954823002445,0.052044084144947544
0.05800821758733077,0.05462510773979312,0.0185926081199439,0.18283480635540172,0.178245142940754,0.00932798999221729,0.014531913645813188,0.05312074996742222,0.07275507257319824
5.551115123125783e-16,0.0,0.0,2.220446049250313e-16,2.220446049250313e-16,2.220446049250313e-16,0.0,0.0,-2.220446049250313e-16
0.03344440332352583,0.022581775968719353,0.010971912826900798,0.054987564217620966,0.11923856663740595,0.00035335109304079904,0.0075674915396916065,0.04195851880525314,0.02930582636390555
0.05514819991324371,0.04619659568973977,0.036602511272380234,0.1019225040737457,0.14387790027047764,0.0006357730309815013,0.007806436395257799,0.05324745861035407,0.04931698169487697
0.05530153032931495,0.039919916613437856,0.03169757700530762,0.07575839123189831,0.12524776001640558,0.0005125733570247037,0.007398730653631835,0.047056493681135514,0.0384946202938895
3.3306690738754696e-16,0.0,0.0,0.0,-2.220446049250313e-16,0.0,-4.440892098500626e-16,2.220446049250313e-16,2.220446049250313e-16
0.10114651156256804,0.07904007557662407,0.04315479491207119,0.09735389671584915,0.12997604228471815,0.00013980458038831411,0.010922726909528002,0.04229319717903257,0.02687502129813779
0.11570199626599564,0.09895797346655122,0.05524874519430778,0.1715981324067979,0.18603919986133188,0.0009291881647151001,0.014658630460765543,0.09603060108118788,0.037136751014563596
0.16248681881132987,0.11075079099778184,0.05934012541723299,0.1835865484943121,0.1876351137323814,0.0010101733674958702,0.014803930049807956,0.09385629369047255,0.03954408070364679
3.3306690738754696e-16,0.0,0.0,-2.220446049250313e-16,0.0,1.1102230246251565e-16,-2.220446049250313e-16,0.0,0.0
0.017837353382114673,0.016270354486751626,0.010238712446420162,0.03767092514177639,0.039926615094054596,0.0009729866002871068,0.004240847091224742,0.00406847147598588,0.016946730359034823
0.0570354366136252,0.039304296320587406,0.0229524968138205,0.07378632208266123,0.13818265440534294,0.0012075962305257981,0.009807989536435135,0.011555991873666072,0.030930225487968088
0.07158698969595301,0.0425235054518156,0.03354691609668514,0.08437147105089204,0.13666012544486128,0.0011721075435665584,0.009680594436157097,0.011370848608835415,0.03614582854693815
3.3306690738754696e-16,2.220446049250313e-16,3.3306690738754696e-16,2.220446049250313e-16,1.1102230246251565e-16,2.220446049250313e-16,2.220446049250313e-16,2.220446049250313e-16,-2.220446049250313e-16
0.04515349065009344,0.05330403600499545,0.0651404417637671,0.04798151614571988,0.04224642401239842,0.0034853803601496702,0.00809539528041936,0.022239072000201476,0.027393058870643028
0.08629816317752392,0.06400018049950684,0.06706242365166681,0.04713979055765627,0.07462143512080777,0.015413662810778161,0.009231682677335318,0.041961880657107264,0.037280373305207615
0.08943901621512729,0.06601360868229533,0.07061819441682848,0.13304197034066212,0.08032477303191343,0.013617826253412013,0.009223569352450278,0.06100705914676641,0.04819323717454482
5.551115123125783e-16,1.1102230246251565e-16,1.1102230246251565e-16,-2.220446049250313e-16,1.1102230246251565e-16,0.0,1.1102230246251565e-16,1.1102230246251565e-16,-4.440892098500626e-16
0.029012917384550252,0.013964461809990891,0.013602983411887037,0.0862571742407543,0.09097741115848967,0.00023983905000135586,0.004644767520567528,0.03977426950235985,0.018651070062466357
0.07015833643937397,0.0507085782213319,0.05901698786867793,0.11912431481079822,0.16272667480190173,0.0002448014137474974,0.01371140918439484,0.09637261413349574,0.03403970982093596
0.06606143769982098,0.055179081465952406,0.0682075592064122,0.16893882897263646,0.17793086589679097,0.0002520982330190824,0.01360827585280322,0.09580882811623337,0.043151329505686675
6.661338147750939e-16,-2.220446049250313e-16,0.0,0.0,1.1102230246251565e-16,0.0,-2.220446049250313e-16,0.0,-2.220446049250313e-16
0.03950940968927308,0.04508012441768916,0.024433970440314035,0.04048032817385483,0.08214294825127932,0.029621386869467137,0.008657528313499196,0.11380802641527699,0.04624357608443175
0.10801666435192692,0.10531466518614085,0.06585606351923523,0.09327177642081397,0.1405628282992475,0.04408798147131732,0.014399166302467847,0.20303685283102102,0.06873111556477574
0.10648939911416011,0.10542753766651092,0.06588093613635226,0.09017022340913938,0.14043155826644116,0.043684636847420855,0.014263678367160249,0.2039866884533048,0.06809354250216404
0.0,2.220446049250313e-16,1.1102230246251565e-16,0.0,2.220446049250313e-16,0.0,0.0,0.0,0.0
0.021243414156331575,0.017367702432992238,0.02101156435448026,0.06322634529779647,0.049954232951591404,0.0003379305646857844,0.008985432731820175,0.05326473388894393,0.02231031901266667
0.061967609956611325,0.05632269441725568,0.038580882588689636,0.07071419786668531,0.09215091421050858,0.0004441188247834571,0.019252550089093767,0.1218989246394917,0.037702669376343145
0.11463462362161969,0.05794901247465456,0.058912760072584835,0.09428626806533713,0.09699755009194089,0.0005033784152072007,0.017432403242365835,0.11015049294610679,0.04569341859101517
-2.220446049250313e-16,0.0,0.0,-2.220446049250313e-16,0.0,0.0,2.220446049250313e-16,1.1102230246251565e-16,0.0
0.047253347327141815,0.08971221990843681,0.045408934607554574,0.07132963215007615,0.08232390138088108,0.0001463294494766787,0.008968871610538498,0.07514934125649408,0.020679439119051235
0.10295755606712842,0.1567062930727412,0.09753701089035716,0.1285385041681315,0.17806926571738502,0.00018539918095172858,0.01620742629305516,0.12474992500535387,0.051868027705041286
0.12412209199084245,0.19032747059595845,0.12617312154778526,0.17242399992174517,0.1794322241107017,0.00018603107755721382,0.016265496186749995,0.1264215019984115,0.05368205275647486
5.551115123125783e-16,2.220446049250313e-16,-2.220446049250313e-16,-4.440892098500626e-16,2.220446049250313e-16,0.0,0.0,0.0,0.0
0.05269100719369657,0.021512685023870493,0.02433512587959652,0.037755641151084984,0.09604052553439713,0.0016341103332910834,0.0077116887325924255,0.03767393836833888,0.026669130877270963
0.1057852931063955,0.05222426370592659,0.04000132400987588,0.061425427553830514,0.1754936649937059,0.006052005179591702,0.014508346362713587,0.07590140701782977,0.052234582671741414
0.12211574216949073,0.051890349522241586,0.0560712597453813,0.07425678143573888,0.18560423848092544,0.005638596191258616,0.013679975837851632,0.06941183817610785,0.04766611180225144
4.440892098500626e-16,-2.220446049250313e-16,0.0,0.0,4.440892098500626e-16,0.0,3.3306690738754696e-16,3.3306690738754696e-16,-2.220446049250313e-16
0.06898250582765642,0.05021552735983015,0.05139330846917245,0.043370674542341336,0.06367412030727382,0.006454216199568874,0.006236986655447807,0.03287649748336352,0.022045283354699352
0.1623588916931813,0.060215523327889375,0.06910349049948517,0.09296740824361582,0.16587551748719298,0.019368502114353814,0.010472085169281775,0.09307000215841721,0.026831666609123506
0.18418970976724314,0.06085724501540857,0.06892033978164147,0.07717144409901944,0.16477566471049976,0.01933452210794917,0.010619773710923708,0.09465675411941854,0.028053890639799017
4.440892098500626e-16,0.0,0.0,2.220446049250313e-16,2.220446049250313e-16,0.0,-2.220446049250313e-16,-2.220446049250313e-16,-2.220446049250313e-16
0.02839063087182181,0.024864690412206625,0.010900437313362099,0.054800612581297536,0.0473626877065072,0.00016971310141444818,0.003066924424068529,0.023325463804343416,0.014051957466091225
0.07107065779740673,0.06224146881265269,0.026462734945173927,0.08217510672379069,0.12156199728084827,0.00031285004546477424,0.008530299895753601,0.057007727813859654,0.02848255895593299
0.11580529938383433,0.11848147745167925,0.04174418450608486,0.10030072089565079,0.125611416692882,0.0003635523434872834,0.009868617927949463,0.06112397147503912,0.036848034105398386
1.1102230246251565e-15,0.0,1.1102230246251565e-16,0.0,3.3306690738754696e-16,0.0,0.0,0.0,1.1102230246251565e-16
0.01701651619023259,0.036508722737988664,0.01460635713851477,0.08570580757055646,0.09191105631554775,8.844774281713264e-05,0.006961103030401095,0.03389660504236791,0.006360865181481601
0.04569374964325901,0.07169784545049285,0.042239393178399864,0.1452895490396794,0.21337779076977992,0.0005040353185357116,0.013478109480491107,0.06896300232952401,0.028898393520280896
0.04988310021236231,0.07795149964058545,0.03562590040876601,0.10434664223617207,0.21679056473995262,0.00042072512550794805,0.012869463310273943,0.06419412641418532,0.027774291551976527
6.661338147750939e-16,-2.220446049250313e-16,0.0,-2.220446049250313e-16,2.220446049250313e-16,1.1102230246251565e-16,-2.220446049250313e-16,0.0,0.0
0.024055048529193823,0.03591742235837736,0.02736622316398607,0.03311950964171895,0.0882249705064907,0.0003112397688651569,0.007842038980689248,0.045066413159808305,0.02113774143794167
0.07013867039211674,0.14287741276121202,0.06068159239629811,0.03065122719416269,0.19691014354392855,0.0004068714591860534,0.014665554566077654,0.10851387129917112,0.04071873877351173
0.07149498685199585,0.12594619967163967,0.0772504134880515,0.0478885989258504,0.19487530209484794,0.0003406867709088157,0.013446542260125427,0.10043149420547204,0.04275536926866941
5.551115123125783e-16,2.220446049250313e-16,2.220446049250313e-16,2.220446049250313e-16,0.0,2.220446049250313e-16,1.1102230246251565e-16,1.1102230246251565e-16,-4.440892098500626e-16
0.013977905247721134,0.031839428020287275,0.0614701535078368,0.08143623781164111,0.10079193065707392,0.002819794208451021,0.00842175794398159,0.07720265743630639,0.09304697658312233
0.046011645895780884,0.0553083082870468,0.05312704825479253,0.17670919224183368,0.125026414409261,0.0022469007104297667,0.013935660096645597,0.2165362151432617,0.08631747487611241
0.06344154261774726,0.09275891077125564,0.054486704002229436,0.09139329727758805,0.15169865100869018,0.0017742537810663261,0.011450446486574561,0.2105842873113799,0.09613444114860314
3.3306690738754696e-16,1.1102230246251565e-16,2.220446049250313e-16,-2.220446049250313e-16,2.220446049250313e-16,0.0,0.0,3.3306690738754696e-16,-2.220446049250313e-16
0.11848249414998147,0.04926196082244072,0.019167545637592487,0.09437463940108193,0.08459178567315084,0.013918828917508286,0.010036942015072992,0.04674406217795246,0.04303417536472698
0.18687819858040977,0.06360892104012705,0.06361762373845092,0.06366038373834693,0.13819153556976316,0.039181080511462185,0.010167528105017531,0.09930594970585926,0.07296950866450691
3.3306690738754696e-16,0.0,1.1102230246251565e-16,-2.220446049250313e-16,3.3306690738754696e-16,-2.220446049250313e-16,-2.220446049250313e-16,0.0,-2.220446049250313e-16
0.04115493536531123,0.06424449063410909,0.03576929222300995,0.07208837555101333,0.10899023833355237,0.00023148078290058383,0.012355208547307872,0.10971973087570863,0.03391906068330275
0.13290253820108577,0.1273371815460307,0.0774759746100453,0.15391380071606198,0.17457861770972305,0.0011000706514688874,0.02153119243326973,0.2435578457479568,0.05539684393886568
0.17928605136120557,0.1419316276730458,0.12209134275354816,0.16307223904758816,0.23094251722045733,0.0013805373964806966,0.01580564026728637,0.27234208636650425,0.08178099140471407
2.220446049250313e-16,-2.220446049250313e-16,-2.220446049250313e-16,-2.220446049250313e-16,0.0,-2.220446049250313e-16,0.0,2.220446049250313e-16,0.0
0.015093333870841108,0.01220263467316407,0.010831912495166462,0.044760444734518345,0.07859373158736427,0.0002019173542618935,0.006559529839342715,0.020082123964551113,0.012628999615788228
0.06013871453830455,0.044160956765988524,0.031207771558355968,0.0765337777922882,0.1772515363820064,0.000365868719818252,0.00886380191439362,0.068631991213987,0.035295262404249184
0.05915995009929109,0.044567518321753985,0.03171541178505577,0.0793252177117102,0.17812914041256656,0.00036482778668267546,0.008997769330982619,0.06648909207245624,0.03858864857907529
7.771561172376096e-16,0.0,4.440892098500626e-16,1.1102230246251565e-16,3.3306690738754696e-16,0.0,0.0,0.0,1.1102230246251565e-16
0.023466024786897743,0.07438484408261636,0.04053555330112757,0.04455691020776342,0.07316993915237924,0.0002050153121911924,0.005375266898171249,0.06064608545835193,0.02259887554843787
8.881784197001252e-16,-2.220446049250313e-16,0.0,0.0,4.440892098500626e-16,0.0,-2.220446049250313e-16,-2.220446049250313e-16,2.220446049250313e-16
0.020050181747091944,0.028758247571212148,0.02946654455046882,0.08274245107228662,0.08154956263769952,0.003260348549437242,0.00876614354489047,0.0436261275460762,0.01931216969336158
0.10423756085440561,0.20573228335414595,0.10867768513745923,0.2063561723415791,0.12946061615165882,0.002038835340246292,0.01899592152798557,0.1671597612438126,0.1085054594168453
0.10855940971585631,0.22493366742196852,0.09636722092072669,0.18046460704274425,0.13233386968460525,0.001666389888922759,0.021428278035065418,0.17450151039420736,0.11208043793989442
4.440892098500626e-16,0.0,0.0,0.0,0.0,2.220446049250313e-16,-2.220446049250313e-16,0.0,-2.220446049250313e-16
0.05647472567758727,0.028725055772057417,0.02528523797771487,0.04093689281803348,0.07900977980897472,0.0012364803431209603,0.00815978399363515,0.05874613829888209,0.09060364139669774
0.08342076667343135,0.046427648193868465,0.06171767726501842,0.0663402776724844,0.1159551897588732,0.00885594496826958,0.01013341750355734,0.09317372017200753,0.06535697670451857
0.0801877530636953,0.06542773280722836,0.06158468507310155,0.08273714243252539,0.11891706638153066,0.018391108384431365,0.011236480167858831,0.06642735986194237,0.10106996041633332
6.661338147750939e-16,0.0,1.1102230246251565e-16,0.0,1.1102230246251565e-16,2.220446049250313e-16,-2.220446049250313e-16,0.0,0.0
0.007347281786518112,0.014991980967026808,0.01254901931685215,0.0275119903545481,0.06320573093268045,0.0006320780854766062,0.0032544779688034042,0.016445151004669145,0.0162756668986741
0.034919539464633,0.03966147007604759,0.013768076415095809,0.04879547201455969,0.18022688655946895,0.00039925109602101383,0.005795207340717368,0.03329755646570809,0.035737705432265066
0.03490051480298406,0.03625189225453007,0.014280703205270306,0.04091325086985709,0.16407428487961917,0.00013700273939032392,0.005642115637920719,0.03112864352792044,0.030092811509230044
3.3306690738754696e-16,0.0,1.1102230246251565e-16,1.1102230246251565e-16,0.0,-2.220446049250313e-16,-2.220446049250313e-16,0.0,0.0
0.04291582869126176,0.06065489593849671,0.03563341011867027,0.061068438275392434,0.08451136873813436,0.005173331080850385,0.009687404090855223,0.11519915839869288,0.025825358535692233
0.06139078618482596,0.1330260951291451,0.07299200236558223,0.11595275984902187,0.17819853478581626,0.006854707978197427,0.02014068030578109,0.20422420419426823,0.04821178481958899
9.992007221626409e-16,0.0,-2.220446049250313e-16,2.220446049250313e-16,2.220446049250313e-16,0.0,0.0,0.0,-2.220446049250313e-16
0.01827724417827925,0.037290749152885994,0.016364401191139355,0.05906825084516054,0.06357340237386122,0.0002987507496828856,0.006541202036268623,0.054599538976948137,0.027780907153327705
0.038647947117346204,0.07878303320399893,0.028060588865790215,0.06705881832100957,0.09393259687463118,0.00026470423819002775,0.009762334294468933,0.09768555490450437,0.04370554926280279
0.05710604891351412,0.08229298201007662,0.03132078114450065,0.08259694929414907,0.09517675762695477,0.00027085413635274946,0.01150557587595169,0.0988623486880017,0.05004938407029802
7.771561172376096e-16,2.220446049250313e-16,0.0,0.0,-2.220446049250313e-16,-2.220446049250313e-16,0.0,2.220446049250313e-16,-2.220446049250313e-16
0.03220659207726029,0.038570437993737494,0.034554812347094566,0.09536285576477344,0.07444334091047489,0.007984619485678746,0.0056324637398499355,0.016950289851657252,0.0389659538483631
0.05339585906090327,0.058475449088866926,0.033482578675131935,0.1097015542155152,0.18487985408453134,0.007820080328506118,0.010407332545216641,0.03843062644557649,0.05994787254294209
0.05936842113391061,0.05700105708745096,0.03862764880031855,0.09664172770359081,0.1753106276126969,0.0056634776793900166,0.011321812216757321,0.03646617375041705,0.12064843885365173
5.551115123125783e-16,0.0,0.0,-2.220446049250313e-16,2.220446049250313e-16,0.0,0.0,-2.220446049250313e-16,-2.220446049250313e-16
0.011169506608663782,0.036055173073403,0.040848885178927374,0.02892927226272224,0.04775509210962958,0.001095170749889518,0.002432191895652247,0.03904124323635172,0.030568352157125278
0.03397838977757506,0.07598617007676656,0.04469542643655544,0.054654427244038684,0.1216369761852889,0.0012742515742180105,0.0046731221272631185,0.0680426075727435,0.06100175124477303
0.030777755411895424,0.06803125713505154,0.05047019376430972,0.073721077613359,0.10370734023965944,0.0009918360599118214,0.004149026869029071,0.07067579334441698,0.0676512806943933
7.771561172376096e-16,2.220446049250313e-16,1.1102230246251565e-16,-2.220446049250313e-16,1.1102230246251565e-16,0.0,0.0,0.0,0.0
0.017445553840079175,0.018881814015716647,0.01727810766126936,0.12114187429974421,0.047012372177032136,0.00043248052681532645,0.006612571422298763,0.019273300192216847,0.02328140769683995
0.05033124867050276,0.03023172339685365,0.018138061699309427,0.1508178844983744,0.07373603717691646,0.002479638362815839,0.009462299119170847,0.02474661304456449,0.036231914825765155
0.05942428710166825,0.031043411303632085,0.021721109932717697,0.15525571042624908,0.07110749808054395,0.0021122653243917933,0.010021060103538537,0.025819145673296795,0.03195678146239156
6.661338147750939e-16,0.0,0.0,-2.220446049250313e-16,3.3306690738754696e-16,0.0,2.220446049250313e-16,2.220446049250313e-16,-2.220446049250313e-16
0.02562852319548703,0.04149904386790437,0.032768835211628544,0.10821052734474024,0.09386798872426816,0.0008989850286752477,0.005685273389297696,0.09497408269217467,0.1544132683632693
0.06605893557549802,0.10771278373611637,0.12146280427140665,0.11064594430628993,0.2030270853383047,0.004057423119144921,0.009841952124870712,0.2513597008489469,0.18818057366889707
0.06980545484934364,0.108389687776143,0.16349164207404454,0.15230010873411381,0.18674013553810243,0.0021786789444256938,0.010525836441271585,0.16348959368450466,0.047636513627468235
5.551115123125783e-16,0.0,4.440892098500626e-16,-2.220446049250313e-16,1.1102230246251565e-16,-2.220446049250313e-16,2.220446049250313e-16,0.0,-4.440892098500626e-16
0.026928222596414253,0.029352241786085642,0.016965343493799634,0.0677409096216095,0.05513377631857863,0.0003491211684605311,0.008887325906351218,0.03264692152038784,0.04401940639213331
0.06362984165864671,0.06900568702772558,0.04331614994744293,0.1102515322086628,0.11086974023757534,0.0005823443882795321,0.013483059672561915,0.09480317174400377,0.0701249707029693
0.08894299331442368,0.10971799840007845,0.05951940503692488,0.10845943709702721,0.09535262348421902,0.0003887995625485585,0.011863839980823965,0.09327764084654455,0.07727383899185125
5.551115123125783e-16,0.0,2.220446049250313e-16,-2.220446049250313e-16,0.0,-2.220446049250313e-16,2.220446049250313e-16,-2.220446049250313e-16,3.3306690738754696e-16
0.025733246687882683,0.024978158465664202,0.02693944404364368,0.016840811411719003,0.08668503058512866,0.0027083652938575398,0.006029053444300048,0.044796343936316374,0.014393647374247753
0.06339614012257966,0.04495187931585087,0.04707370945554912,0.05059246778173265,0.1905469197966424,0.0029823329872420423,0.011373755108484485,0.09202197625585373,0.02869703459207007
0.10696315380598165,0.040771708340565094,0.04790760900666602,0.05534669146297522,0.20025862233504688,0.00267796233379225,0.012008330023266511,0.07588078974853718,0.027973650812697315
5.551115123125783e-16,1.1102230246251565e-16,0.0,-2.220446049250313e-16,0.0,1.1102230246251565e-16,0.0,1.1102230246251565e-16,3.3306690738754696e-16
0.02040081481874445,0.03175890638443757,0.017030205037987023,0.11347678735609246,0.06716767521208522,0.0022726947460486313,0.0038853592358795153,0.02517731946523094,0.024236634711722993
0.04521983579674749,0.05339309216919241,0.042063898338464356,0.1106315735288188,0.13649987000759511,0.002400415334985362,0.007276092048959182,0.07331579829113499,0.03304340757511359
0.04087437021851026,0.05197184643777297,0.037538457828793725,0.11943203180071249,0.13844146143510805,0.001846279066077594,0.0064486608916771715,0.06605478313370827,0.03423587941865036
5.551115123125783e-16,-4.440892098500626e-16,-2.220446049250313e-16,2.220446049250313e-16,1.1102230246251565e-16,0.0,2.220446049250313e-16,3.3306690738754696e-16,-2.220446049250313e-16
0.03086423223602941,0.029142480132867132,0.032731887451645125,0.036034413787488506,0.032849741597091975,0.000507497289119474,0.005381958444775736,0.05237400088919075,0.012745776269900366
0.07587395875300318,0.07516821022123321,0.07720774617036308,0.08868689736023772,0.0938239051490708,0.000613089372366149,0.014465637790465502,0.11442138286024683,0.04668298861569575
0.09306142113299143,0.09105676923757344,0.07441885538112125,0.0780196052717661,0.09749527536359603,0.0005913565794014586,0.013941559781317281,0.11169460820460553,0.045862359753581994
3.3306690738754696e-16,1.1102230246251565e-16,0.0,-2.220446049250313e-16,-2.220446049250313e-16,0.0,2.220446049250313e-16,0.0,0.0
3.3306690738754696e-16,-2.220446049250313e-16,0.0,0.0,1.1102230246251565e-16,2.220446049250313e-16,2.220446049250313e-16,0.0,0.0
0.03048488992713483,0.0434063004682792,0.043685204831102165,0.042530495188960016,0.06467128664643695,0.00046227144377708473,0.005924086345591939,0.05194536084608514,0.018899809144607094
0.07297770863750774,0.10218817155950444,0.058735304221051665,0.10937557569129475,0.1371241120008836,0.0008032026403539394,0.009729791063578741,0.11131551087070912,0.06316329788639685
0.08127156606800989,0.09350849336067601,0.06999630142013746,0.09218891519122996,0.13305856224954216,0.0005547097766509523,0.009526794444156383,0.11895118750963052,0.05276139373916877
6.661338147750939e-16,0.0,0.0,0.0,1.1102230246251565e-16,0.0,-2.220446049250313e-16,-2.220446049250313e-16,2.220446049250313e-16
0.039263791340318654,0.04013089132802439,0.05146526055487821,0.0648751510194503,0.028408250045181216,0.0007062632026770821,0.00557458842420544,0.034795615372130384,0.02429479844903959
0.09369203304329976,0.06387520393274704,0.08494196439884094,0.08867778862318598,0.09230579297159136,0.0003984947449328091,0.01028991510347499,0.08644124886980331,0.13361443276688656
0.14983824082797892,0.0675279366120134,0.1001829040678236,0.09332962454551108,0.08463905382157988,0.0002475550218551392,0.010644316889844574,0.08363768657403703,0.05730233126984219
3.3306690738754696e-16,0.0,3.3306690738754696e-16,0.0,5.551115123125783e-16,-2.220446049250313e-16,0.0,3.3306690738754696e-16,2.220446049250313e-16
0.03670267904205904,0.03454135638063771,0.03878721149808895,0.09524472744170542,0.1711015387951237,0.00013976447625185795,0.008707861162152719,0.03109882496209604,0.035542620058644614
0.06060883825060093,0.1403485952120077,0.07920788379599875,0.13485456117017391,0.2524326521050181,0.00029140244219971745,0.010431134511577289,0.06324089900596841,0.03450744441291409
0.07565416986831164,0.1267604896707204,0.07926148303409042,0.11024624190069865,0.24967876302423253,0.0003349114462987135,0.011189368690708301,0.06579153381470304,0.03382426789193338
6.661338147750939e-16,0.0,-2.220446049250313e-16,1.1102230246251565e-16,0.0,2.220446049250313e-16,0.0,0.0,2.220446049250313e-16
1.1102230246251565e-16,2.220446049250313e-16,2.220446049250313e-16,0.0,2.220446049250313e-16,1.1102230246251565e-16,0.0,0.0,2.220446049250313e-16
0.0443283702882552,0.008197117988216318,0.017417381493266992,0.03674839554354148,0.077791691127853,0.038962608763263296,0.003206511479414531,0.02264881442511879,0.024757876595861705
0.11773896310096332,0.03164433296040026,0.04614463979607897,0.11245797766664589,0.19860030788367877,0.042397929413925284,0.009277008785822716,0.06189661644714872,0.034951803339513754
0.1298467546967519,0.05262744203680214,0.037909899086462695,0.0931532849039377,0.17417738972471308,0.04289472973301567,0.008413700841094829,0.07101550116488142,0.0800287869176971
2.220446049250313e-16,0.0,0.0,-2.220446049250313e-16,3.3306690738754696e-16,0.0,-2.220446049250313e-16,3.3306690738754696e-16,0.0
0.02316103338772335,0.012310788609078416,0.006652522104248826,0.04973538857196291,0.04082095180899359,0.00017515837844495064,0.0045246032231879285,0.012177361833490719,0.013590354034489716
0.07754657135309195,0.03606950490666139,0.03300676662551172,0.13303093530856924,0.1295869905731889,0.0007602353227578185,0.009653867757126178,0.06417532936872539,0.06297095410060483
0.07763645778216732,0.04121258749389567,0.039794681097836904,0.1414667617371651,0.1280215361404381,0.0007032077983857299,0.009759938748286845,0.06550221336654483,0.06014347159650124
6.661338147750939e-16,2.220446049250313e-16,-2.220446049250313e-16,0.0,2.220446049250313e-16,-2.220446049250313e-16,0.0,0.0,0.0
0.03453808382480572,0.029200670047266453,0.02731667427466833,0.06432721333515534,0.0783521501394705,0.0004916701625504727,0.003873196059567263,0.02546736763113422,0.011778781871008004
0.07006132064232196,0.07420732886296544,0.07740970768566002,0.08643730509879244,0.1464271841750875,0.0012422069964359572,0.007564685938373783,0.08292531814227322,0.03865336091128757
0.10692718812201618,0.06662997686245742,0.08239807092421447,0.13153591464721637,0.13416298108250724,0.0010148600764143811,0.007274576675387001,0.08933702942668698,0.032645446404645395
3.3306690738754696e-16,-2.220446049250313e-16,2.220446049250313e-16,-2.220446049250313e-16,0.0,-2.220446049250313e-16,-2.220446049250313e-16,3.3306690738754696e-16,0.0
0.042994062838357605,0.04042599860365936,0.027983906976170814,0.038351529542475005,0.04171971548717279,0.0035377079965833724,0.008697328132003967,0.08698046612270804,0.02774459765029902
4.440892098500626e-16,2.220446049250313e-16,-2.220446049250313e-16,0.0,2.220446049250313e-16,0.0,-2.220446049250313e-16,0.0,-2.220446049250313e-16
0.025980870101839137,0.00946593926142747,0.010846697496614266,0.01774610311563274,0.04690499170528617,0.0016724892694283122,0.002823180726790886,0.02889769687254562,0.008966347496926375
0.1034251346834596,0.03305075980557759,0.0361934520191981,0.02736637730200686,0.10493017582109643,0.0032698666039169266,0.00746816447376164,0.07694165155037802,0.03075714674869723
0.10487438617031453,0.036360614229122845,0.03425934871864611,0.028022855548671455,0.1079035949732653,0.003385302743692642,0.008709554833885802,0.07477809143846348,0.035459804291896324
7.771561172376096e-16,-2.220446049250313e-16,0.0,-2.220446049250313e-16,2.220446049250313e-16,-2.220446049250313e-16,0.0,0.0,0.0
0.031555802601565985,0.02964581910062769,0.019002386876518895,0.038415077910115225,0.06632958912760167,0.0008354252334389356,0.005884731794381204,0.03123394982086003,0.0230155254370763
0.12512830311496081,0.06232376600763945,0.095005922571326,0.06763130271036455,0.19375977292463542,0.0018670800465618864,0.010344773101886195,0.055821506026504486,0.061129117466071636
0.11574378557659792,0.06948141066056401,0.07876147766825092,0.06372255664472937,0.202993588788957,0.0017880072334083286,0.010018119478906629,0.05367429960954073,0.05458431458312585
4.440892098500626e-16,0.0,2.220446049250313e-16,-2.220446049250313e-16,4.440892098500626e-16,2.220446049250313e-16,0.0,-2.220446049250313e-16,-2.220446049250313e-16
0.08144309049573495,0.09732321213485651,0.033244574807390626,0.041254629184015124,0.1061340177000597,0.0005925013983398841,0.009895207796912109,0.05904567183396403,0.015485892895433562
0.11872184744480441,0.15788823547921926,0.04930651677546172,0.08583596469370525,0.25034160176189346,0.001171603902847873,0.01592330808834619,0.18830056751465596,0.04352214158859491
0.11868814379430392,0.15275070749811015,0.04913211687442798,0.08567712822209539,0.24937355590522903,0.0011447338334446,0.015872132672024364,0.18887413262480124,0.044311151847343466
6.661338147750939e-16,-2.220446049250313e-16,2.220446049250313e-16,0.0,3.3306690738754696e-16,1.1102230246251565e-16,0.0,1.1102230246251565e-16,0.0
0.02808054917460434,0.03089701343877438,0.031869559564657535,0.051135580169646255,0.06987682323213118,0.0010873514764498937,0.0035440930928691827,0.01884988075212668,0.01877139870506428
0.07299869684133553,0.04394256529876961,0.05525005167895691,0.10725473397300944,0.13298029349730456,0.0018714835967559296,0.0055749155556891195,0.04538307759812776,0.021148151780924107
0.08289388505445139,0.04478902285767872,0.0641752440187513,0.11406516586939186,0.13478293122953267,0.0018042713287960144,0.005780584970992542,0.04639348238133678,0.025002528106156774
6.661338147750939e-16,0.0,-2.220446049250313e-16,0.0,1.1102230246251565e-16,2.220446049250313e-16,0.0,3.3306690738754696e-16,3.3306690738754696e-16
0.025036271070052463,0.03517516910883056,0.023026750616078617,0.05389016835090765,0.032146022659434115,0.0006081142625649072,0.007173191013543856,0.02300957994711439,0.018052141577274416
0.04824203825590945,0.06519218828605733,0.04168912575666439,0.08776566953334397,0.09695299216354047,0.0015203384116143637,0.013990870205996209,0.07309501526106799,0.05397666756237118
0.06395607397025482,0.06888735191653605,0.04373373450112028,0.12611596670142067,0.09454549879752183,0.0013866357498567572,0.014530854181444397,0.07051966620527672,0.0578129468812526
6.661338147750939e-16,-2.220446049250313e-16,0.0,-2.220446049250313e-16,4.440892098500626e-16,0.0,2.220446049250313e-16,3.3306690738754696e-16,2.220446049250313e-16
0.06431352102895005,0.0697468216556878,0.027974916981436726,0.05794275119431913,0.1065534483982008,0.001339943429959578,0.010307467683364102,0.009709054774091563,0.04500510903763888
0.13113041081667598,0.15398400131112433,0.10134194610045111,0.08135390899612582,0.13780323603140843,0.003100543817463053,0.013247091500665498,0.02470801430515346,0.04686822253880518
0.14499895650879358,0.16578770645568341,0.109259368173657,0.11502687876307394,0.14349961046508586,0.0034922325806711063,0.01527656863021798,0.027513895934812793,0.06186482908484403
3.3306690738754696e-16,2.220446049250313e-16,2.220446049250313e-16,-2.220446049250313e-16,0.0,0.0,1.1102230246251565e-16,1.1102230246251565e-16,-2.220446049250313e-16
0.015286766202702862,0.02079769975378587,0.009503295096683684,0.023222555695016633,0.037742437971538534,0.0024252496729401107,0.0029606834523611125,0.03410692273695526,0.01723699150340252
0.062302617020481676,0.04193932576226711,0.013533176396453572,0.06129704951847981,0.12571666024394468,0.0022945500016490206,0.004061797681909396,0.08194347885858011,0.08949888906325898
0.05704979078125272,0.05819378114952445,0.01971322532310016,0.0539173088855085,0.11180690054958253,0.004920839983769576,0.00407276733257278,0.06637940489518201,0.03327378973610784
5.551115123125783e-16,0.0,2.220446049250313e-16,2.220446049250313e-16,3.3306690738754696e-16,2.220446049250313e-16,0.0,-2.220446049250313e-16,-2.220446049250313e-16
0.03141179077454759,0.06883017063392283,0.053787878150006185,0.10153025327662246,0.09788727934950525,0.0003548832795212675,0.00799963254486824,0.04646975465237213,0.04862136951376472
0.08769320864560748,0.07253552909107452,0.059173459632851255,0.08159396710922495,0.1877014263585517,0.00039784083693661376,0.015638792804777757,0.09074059565044779,0.07238683841492588
0.08834806714726118,0.06954363771274097,0.06268750665984335,0.12684996879848887,0.18246685455284062,0.0003751023179341395,0.016061687356693777,0.08163327410392962,0.07003628822604857
4.440892098500626e-16,0.0,2.220446049250313e-16,-2.220446049250313e-16,0.0,1.1102230246251565e-16,0.0,-2.220446049250313e-16,2.220446049250313e-16
0.01459053128568144,0.02121831403874208,0.018270181009661046,0.015190752601329294,0.07238299678787874,0.0004962434113124914,0.005131953478069384,0.03247548864983141,0.015315770376929216
0.04398912088899065,0.04615524879483912,0.03604957222873051,0.04986819896247463,0.15884579122580744,0.000945579054689949,0.00783104112453159,0.07187902810600644,0.026385388605008497
0.043932743701486476,0.04553443988384087,0.03602399000599399,0.0526402101766843,0.15818077572212852,0.000919925029770563,0.007749404494738044,0.0725811483660912,0.026807977865745514
5.551115123125783e-16,1.1102230246251565e-16,-2.220446049250313e-16,2.220446049250313e-16,0.0,-2.220446049250313e-16,0.0,1.1102230246251565e-16,0.0
0.0276328539746189,0.023638440105695158,0.01633903726894026,0.029241311782175594,0.03592237939660714,0.027717000514066004,0.0030906232775134157,0.01185785066611389,0.012307598099461026
0.07033666014512396,0.14792306777077957,0.039454444317724935,0.10213170008021255,0.11836892645164854,0.025237180790243285,0.00837361921928037,0.03933560177771789,0.029675972106538828
0.09558893173409289,0.13107475112199451,0.045848420067757134,0.1634256991503632,0.12455057328597141,0.026605628858104358,0.01129241731638464,0.09421609570425704,0.043241446570195796
2.220446049250313e-16,-2.220446049250313e-16,0.0,0.0,0.0,1.1102230246251565e-16,0.0,0.0,-2.220446049250313e-16
0.019025532560843494,0.022925231542337277,0.021539465692612336,0.1331838557076116,0.06293974388330426,0.0005441888346374713,0.007498563034895711,0.031745207800788156,0.02965716252979156
0.07166546003902186,0.07702493501752683,0.04188797664387356,0.16582640990292108,0.20751153193282967,0.00038841026876801354,0.012170631864836357,0.08839883207653576,0.07189095748188645
0.07066929618044548,0.0812169750484869,0.05755356037283432,0.2668562134109793,0.20900181371016646,0.00023365193497471015,0.013352586365632413,0.09646835362494399,0.08446941358142512
2.220446049250313e-16,2.220446049250313e-16,0.0,0.0,2.220446049250313e-16,-2.220446049250313e-16,0.0,1.1102230246251565e-16,2.220446049250313e-16
5.551115123125783e-16,0.0,0.0,-2.220446049250313e-16,1.1102230246251565e-16,0.0,0.0,-2.220446049250313e-16,0.0
0.029903756108043966,0.020789464700262883,0.05192711659709115,0.028199627951899675,0.05330184686206951,0.0006361994126028447,0.009057631279075218,0.04895660606949215,0.02105712785958136
0.09661535698305435,0.06541240819730565,0.11919004422446011,0.06743525850012733,0.13528096256794842,0.0010581358626828852,0.02091753144409836,0.16701329281055133,0.06304874755158851
0.09310689153717766,0.07330579521649161,0.10993301189899363,0.0803037675787488,0.13145289218792555,0.0018815760033071838,0.020226567680523222,0.14718638588391375,0.05679338576114468
4.440892098500626e-16,0.0,0.0,0.0,0.0,-2.220446049250313e-16,0.0,0.0,-2.220446049250313e-16
0.03805102382120662,0.010645992817455485,0.012426504781888448,0.01956945752837047,0.06866111662252683,0.0003387095927098738,0.0026212432533078145,0.029657269970346123,0.015737915678415426
0.0799109645383348,0.04302580451616467,0.023481739799725232,0.03420907786463789,0.14641724265894218,0.0013821484209675106,0.0065165749724420685,0.10322931817278835,0.036410541991989676
0.09595375993142108,0.040580543098942434,0.022273331723789314,0.057601355907185736,0.1562987684513114,0.001411406903074841,0.007456830241179602,0.11463805731184995,0.0414042882722756
4.440892098500626e-16,-2.220446049250313e-16,0.0,-2.220446049250313e-16,0.0,0.0,-2.220446049250313e-16,0.0,-2.220446049250313e-16
0.05239959499122682,0.019639446514946757,0.027570508247727332,0.028039005102680647,0.029257961834967205,0.0015675658678629967,0.006562602483199176,0.049575574849676896,0.021505128910084936
0.10892024234143294,0.06825135336086141,0.039442478422207494,0.034338022951033054,0.08531040284180469,0.0041441693034834914,0.018128498708948615,0.13040614826880592,0.03990408355980579
0.1092610947773508,0.07562446035271875,0.038834253610430136,0.03784609717977161,0.08120673282709923,0.006047345846656116,0.013281736590390225,0.14873919756167187,0.05454324737151017
3.3306690738754696e-16,-2.220446049250313e-16,1.1102230246251565e-16,-2.220446049250313e-16,0.0,1.1102230246251565e-16,3.3306690738754696e-16,1.1102230246251565e-16,2.220446049250313e-16
0.05191832176269717,0.035667311451561545,0.01427451010118741,0.07062002286638469,0.11955729397287052,0.0002696288425472204,0.005078885084784046,0.036556757146444796,0.022318073502057834
0.10318346680392687,0.12014290045963083,0.04735254175278136,0.09463919171477386,0.2616162572574322,0.00042302546488448556,0.008784053209734077,0.05935407618177302,0.045487542289628036
0.09976533824884037,0.11804991918268137,0.04722886437269347,0.09502332421166415,0.26034714202174447,0.0003952730150091899,0.00856042344704011,0.05873867772362107,0.049845107946526634
2.220446049250313e-16,2.220446049250313e-16,0.0,1.1102230246251565e-16,3.3306690738754696e-16,0.0,2.220446049250313e-16,1.1102230246251565e-16,-2.220446049250313e-16
0.01998540329754439,0.020035195823819518,0.012120776657545074,0.10980485535095619,0.17233670905943343,0.00020744899947011675,0.007403602255755315,0.056359239822561746,0.08250127445106503
0.03849067434082709,0.05318948730003126,0.058548626470871334,0.16507415649832247,0.28312707952278326,0.00019758797792324145,0.013349150354614037,0.10197784019271239,0.08548061113932925
0.03998497055020833,0.0598038453040024,0.05752714780116186,0.15156664025009048,0.2832223680219357,0.00018546993926149558,0.014648570365992541,0.08521391937098755,0.04054507398009943
7.771561172376096e-16,0.0,-2.220446049250313e-16,4.440892098500626e-16,3.3306690738754696e-16,1.1102230246251565e-16,-2.220446049250313e-16,2.220446049250313e-16,-2.220446049250313e-16
0.03415784314171566,0.05525924031631957,0.04671242795573938,0.042395452471910455,0.047852711816096405,0.00015991876755527823,0.009251140102914834,0.04183826931618684,0.02512263851933516
0.07250115403187352,0.10568149069925259,0.07161619884028014,0.057264707610685806,0.09957578249930743,0.0004241538188948235,0.015730151762791578,0.09134145875678101,0.06810330044868473
0.07403979903570168,0.10562780482039913,0.0738918300563507,0.08446845219258503,0.106876365587246,0.0004609580033740901,0.016098085780653526,0.09023917172167772,0.07191858927301087
1.2212453270876722e-15,-2.220446049250313e-16,0.0,-2.220446049250313e-16,0.0,1.1102230246251565e-16,-2.220446049250313e-16,0.0,2.220446049250313e-16
0.0605910591463209,0.03676134705106093,0.024223048156685745,0.06929542536891686,0.09119814432873385,0.00019326940137764925,0.005703108247223421,0.03496008276189866,0.021311067304358833
0.1277189087352566,0.05444544678690599,0.03187915250496831,0.12350920998470272,0.1647803233948273,0.003294406279202855,0.008975196755837023,0.054580854365797404,0.03606674609045035
0.12612056846708763,0.062425306513683054,0.032425065952495946,0.11518240215510478,0.1632234429508892,0.0030189687983803726,0.008484834274772313,0.056689267231912255,0.07488742769886547
5.551115123125783e-16,-2.220446049250313e-16,2.220446049250313e-16,1.1102230246251565e-16,0.0,0.0,0.0,-2.220446049250313e-16,0.0
0.018413097087959573,0.02899322042860608,0.02272748818695991,0.04138953779082466,0.0813356742790915,8.476784542255089e-05,0.004380713636080946,0.026903383624806487,0.014551201562074234
0.08774896266602883,0.09401089211529323,0.05031223980873789,0.17741733579751984,0.27082262564699433,0.0008133811006401093,0.010249722757035729,0.07395597368010798,0.06189297297169738
0.09596735901854248,0.0965256186067186,0.057401827079361034,0.20208992085014654,0.27304227132686754,0.0007538461105297545,0.010377196042484438,0.06963030078257892,0.06169321132446959
7.771561172376096e-16,-2.220446049250313e-16,0.0,0.0,3.3306690738754696e-16,0.0,2.220446049250313e-16,2.220446049250313e-16,0.0
0.03813253952593321,0.03998434967786846,0.040701064575157875,0.06773831250089335,0.10198432604621732,0.00025409531753017855,0.006973841172101758,0.07748649099137561,0.038105287944195876
0.10670368330877211,0.10016132022739832,0.1079258711032185,0.14603613477096422,0.19333031981082804,0.00033497975075469366,0.012860096435916901,0.16336259133246944,0.11023366403142265
0.1407730063573659,0.13497064335081932,0.12494884784812765,0.12287483749792227,0.20591203207959952,0.0003858345200291602,0.014641033654258395,0.1816042754485211,0.08100120872723438
0.0,-2.220446049250313e-16,-2.220446049250313e-16,0.0,0.0,-2.220446049250313e-16,-2.220446049250313e-16,2.220446049250313e-16,2.220446049250313e-16
0.01998019838362275,0.018999071499526066,0.02184128353297765,0.07740318315615546,0.0763495079416936,0.00020464266906028428,0.005805796040536215,0.021694636776326437,0.01453639882179214
0.05151366172013183,0.13588882574533045,0.051203457540429764,0.08723360297807925,0.1930762509008025,0.0003219321888919824,0.01416453676976337,0.06940372300017306,0.04051740631122869
0.05130889273945527,0.13645296765857384,0.051441862418979745,0.08693448218010891,0.19069732253024552,0.0003124263094772539,0.014286291041810117,0.06855004765852901,0.04089310424584247
1.2212453270876722e-15,-2.220446049250313e-16,0.0,-2.220446049250313e-16,0.0,1.1102230246251565e-16,-2.220446049250313e-16,0.0,2.220446049250313e-16
0.04663607083963517,0.024097968937583647,0.016569816849656194,0.08073098008008184,0.08218689461808737,0.005701758418826364,0.004366142443015808,0.029173973330138825,0.04479731342421844
0.1521158362014463,0.08635798718925358,0.06546991912091371,0.19332131980640588,0.1162470700667586,0.06304554904624737,0.015160058736405801,0.09621215773993819,0.07932324187955841
0.238310740279989,0.17227248000135575,0.1650623440268234,0.2586787222083671,0.22625904457461388,0.07767974770206398,0.030334583820061045,0.14144328365511682,0.28098243008354395
5.551115123125783e-16,-2.220446049250313e-16,2.220446049250313e-16,1.1102230246251565e-16,0.0,0.0,0.0,-2.220446049250313e-16,0.0
0.013120190519721686,0.05097255099948461,0.016700883084273865,0.014561114679895182,0.09645494065773186,0.007260773518197872,0.005604249252379234,0.031291699942171514,0.02661399720502733
0.08050637671180028,0.19257406729606363,0.09307171762065414,0.0726497043336004,0.21374813830664297,0.03203756566074145,0.018413833103774868,0.11187715702473522,0.07530511833760234
0.20277589731140844,0.37036690832187913,0.29460338235102346,0.3729349850996858,0.43094220961101903,0.05716331871999458,0.03664973665444793,0.2721536680818353,0.3559549373340085
7.771561172376096e-16,-2.220446049250313e-16,0.0,0.0,3.3306690738754696e-16,0.0,2.220446049250313e-16,2.220446049250313e-16,0.0
0.04356023421003741,0.05553701820371937,0.04595626538033071,0.04215295986348988,0.11623965257401936,0.0031225384323823047,0.009205309277820484,0.11286086635065162,0.05376544201534805
0.13732512700887,0.17326296948902808,0.17027875436853912,0.08918894723769599,0.15153848448902874,0.010744684405885052,0.02030241732887894,0.33003830720885685,0.19004021134938665
0.0,-2.220446049250313e-16,-2.220446049250313e-16,0.0,0.0,-2.220446049250313e-16,-2.220446049250313e-16,2.220446049250313e-16,2.220446049250313e-16
0.00823979329906488,0.05110545761278751,0.025582012096219908,0.11190867447296138,0.0644358295353693,0.0043915044191795705,0.005245109077481214,0.03523645767887795,0.04287018512897067
0.042289297025159156,0.1398221256961264,0.12694758156998998,0.17504950113195694,0.12145321780341212,0.015290819978801662,0.013367716486527459,0.10349001846798367,0.08000816910504172
0.10941647750095451,0.3307566674628999,0.22817775309931476,0.2616158439241403,0.3051717287862724,0.028158720035418416,0.021273270267186617,0.22824547904031856,0.1930406625569029
